Order ID,PaymentMode,Binders,Bookcases,Chairs,Electronic Games,Laptops,Markers,Paper,Pens,Phones,Printers,Sofas,Tables
B-25004,COD,0,0,0,0,0,1,0,0,0,0,0,0
B-25006,Debit Card,0,0,0,0,0,0,0,1,0,0,0,0
B-25010,Credit Card,0,0,0,0,0,0,0,1,0,0,0,0
B-25011,UPI,0,0,0,0,0,0,0,0,0,0,1,0
B-25022,Debit Card,0,0,0,0,0,0,0,0,0,0,1,0
B-25024,EMI,0,0,0,0,0,1,0,0,0,0,0,0
B-25025,COD,0,0,0,0,1,0,0,0,0,0,0,0
B-25025,Credit Card,0,0,0,1,0,0,0,0,0,0,0,0
B-25028,UPI,1,0,0,0,0,0,0,0,0,0,0,0
B-25030,Credit Card,0,0,0,0,1,0,0,0,0,0,0,0
B-25032,COD,0,0,0,1,0,0,0,1,0,0,0,0
B-25032,UPI,0,0,0,0,0,1,0,0,0,0,0,0
B-25036,EMI,0,0,0,0,0,0,0,0,0,1,0,0
B-25038,Debit Card,0,0,1,0,0,0,0,0,0,0,0,0
B-25042,COD,0,0,0,0,0,0,0,1,0,0,0,1
B-25043,Credit Card,0,0,0,0,0,0,0,0,1,0,0,0
B-25044,Credit Card,0,0,0,0,0,0,1,1,0,0,0,0
B-25051,Credit Card,0,0,0,0,0,0,1,0,0,0,0,1
B-25060,Credit Card,0,0,0,0,0,0,0,1,0,0,0,0
B-25060,Debit Card,0,0,0,0,1,0,0,0,0,0,0,0
B-25064,EMI,0,0,1,0,0,0,0,0,0,0,0,0
B-25064,UPI,0,0,0,1,0,0,0,0,0,0,0,0
B-25065,Debit Card,0,0,0,0,0,0,1,0,0,0,0,0
B-25068,UPI,0,0,0,0,0,1,0,0,0,0,0,0
B-25071,Debit Card,0,0,0,0,0,0,0,1,0,0,0,0
B-25099,COD,0,0,0,0,0,0,0,1,0,0,0,0
B-25099,EMI,0,0,0,0,0,0,0,0,0,0,0,1
B-25099,UPI,0,0,1,0,0,0,0,0,0,0,0,0
B-25101,EMI,0,0,1,0,0,0,0,0,0,0,0,0
B-25102,Credit Card,0,0,0,0,0,0,0,1,0,0,0,0
B-25104,COD,1,0,0,0,0,0,0,0,0,0,0,0
B-25104,Debit Card,1,0,0,0,0,0,0,0,0,0,0,0
B-25106,Credit Card,0,0,0,1,0,0,0,0,1,0,0,0
B-25112,COD,0,0,0,0,0,0,0,0,0,0,0,1
B-25120,Credit Card,0,0,0,0,0,1,0,0,0,0,0,0
B-25120,Debit Card,0,0,0,0,0,0,0,0,1,0,0,0
B-25131,COD,1,0,0,0,0,0,0,0,0,0,0,0
B-25131,UPI,0,0,0,0,0,0,1,0,0,0,0,0
B-25138,Credit Card,0,0,0,0,0,0,0,1,0,0,0,0
B-25142,Debit Card,0,1,0,0,0,0,0,0,0,0,0,0
B-25142,UPI,0,0,0,0,0,0,0,0,0,1,0,0
B-25148,Debit Card,0,0,0,0,0,1,0,0,0,0,0,0
B-25148,EMI,0,0,0,0,0,0,0,0,0,0,1,0
B-25153,Debit Card,1,0,0,0,0,0,0,0,0,0,0,0
B-25154,Credit Card,1,0,0,0,0,0,0,0,0,0,0,0
B-25156,Credit Card,0,0,1,0,0,0,0,0,0,0,0,0
B-25157,UPI,0,0,0,1,0,0,0,0,0,0,0,0
B-25159,UPI,0,0,0,0,0,1,0,0,0,0,0,0
B-25163,UPI,0,0,0,0,0,0,0,1,0,0,0,0
B-25166,COD,0,1,0,0,0,0,0,0,0,0,0,0
B-25166,UPI,0,0,1,0,0,0,0,0,0,0,0,0
B-25170,EMI,1,0,0,0,0,0,0,0,0,0,0,0
B-25170,UPI,0,0,0,1,0,0,0,0,0,0,0,0
B-25171,Credit Card,0,0,0,0,0,1,0,0,0,0,0,0
B-25182,Credit Card,0,0,1,0,0,0,0,0,0,0,0,0
B-25189,EMI,0,0,0,0,0,0,1,0,0,0,0,0
B-25192,EMI,0,1,0,0,0,0,0,0,0,0,0,0
B-25193,EMI,0,0,0,0,0,0,0,0,0,1,0,0
B-25196,Credit Card,0,0,0,0,0,1,0,0,0,0,0,0
B-25198,Debit Card,0,0,0,0,0,0,0,0,0,1,0,0
B-25200,UPI,0,0,0,0,0,0,1,0,0,0,0,0
B-25203,EMI,0,0,1,0,0,0,0,0,0,0,0,0
B-25222,EMI,0,0,0,0,0,0,0,0,0,0,0,1
B-25223,COD,0,0,0,0,0,0,1,0,1,0,0,0
B-25226,UPI,0,0,0,0,0,0,0,1,0,0,0,0
B-25227,UPI,0,0,0,0,0,0,0,0,0,0,1,1
B-25228,EMI,0,0,0,0,1,0,0,0,0,0,0,0
B-25232,Debit Card,0,0,1,0,0,0,0,0,0,0,0,0
B-25232,UPI,0,0,0,0,0,0,1,0,0,0,0,0
B-25234,UPI,0,0,0,0,0,0,1,0,0,0,0,0
B-25236,UPI,0,0,0,0,0,0,0,0,0,0,1,0
B-25237,COD,1,0,0,0,0,0,0,0,0,0,0,0
B-25238,COD,0,0,0,0,0,0,1,0,0,0,0,0
B-25238,UPI,0,0,0,0,0,0,0,1,0,0,0,0
B-25241,EMI,0,0,0,0,0,0,0,1,0,0,0,0
B-25243,COD,0,0,0,0,0,0,0,0,0,0,0,1
B-25243,EMI,0,1,0,0,0,0,0,0,0,0,0,1
B-25243,UPI,0,0,0,0,1,0,0,0,0,0,0,0
B-25251,COD,0,0,1,0,0,0,0,0,0,0,0,0
B-25251,UPI,0,0,1,0,0,0,0,0,0,0,0,0
B-25258,UPI,0,0,0,0,0,0,0,0,0,0,1,0
B-25266,COD,0,0,0,0,0,0,0,0,1,0,0,0
B-25266,UPI,0,0,0,0,0,0,0,0,0,0,0,1
B-25267,COD,1,0,0,0,0,0,0,0,0,0,0,1
B-25283,COD,0,0,0,0,0,0,0,0,0,0,1,0
B-25292,Credit Card,0,0,0,0,0,0,1,0,0,0,0,0
B-25295,Credit Card,0,0,0,0,0,0,0,1,0,0,0,0
B-25295,EMI,1,0,0,0,0,0,0,0,0,0,0,0
B-25298,COD,0,0,0,0,0,1,0,0,0,0,0,0
B-25303,COD,0,0,0,0,0,0,0,0,0,0,1,0
B-25316,Debit Card,0,0,0,0,0,0,0,0,0,1,0,0
B-25317,COD,0,0,0,0,0,0,0,0,0,1,0,0
B-25325,Credit Card,0,0,0,0,0,0,0,1,1,0,0,1
B-25325,EMI,1,0,0,0,0,0,0,0,0,0,0,0
B-25326,COD,0,0,0,0,0,0,0,0,0,0,0,1
B-25328,Credit Card,0,0,0,1,0,0,0,0,0,0,0,0
B-25329,Credit Card,0,0,0,0,0,0,0,0,0,0,0,1
B-25330,Debit Card,0,0,0,0,0,0,0,1,0,0,0,0
B-25331,UPI,0,0,0,0,0,0,0,1,0,0,0,0
B-25342,EMI,1,0,0,0,0,0,0,0,0,0,0,1
B-25342,UPI,1,0,0,0,0,0,0,0,0,0,0,0
B-25346,COD,0,0,0,0,0,0,0,0,0,0,1,0
B-25350,Debit Card,0,0,0,1,0,0,0,0,0,0,0,0
B-25352,COD,0,0,0,0,0,0,0,0,0,1,0,0
B-25359,Credit Card,0,1,0,0,0,0,0,0,0,0,0,0
B-25363,Credit Card,0,0,0,0,1,0,0,0,0,0,0,0
B-25364,EMI,0,0,0,0,1,0,0,0,0,0,0,0
B-25369,Credit Card,0,0,0,0,1,0,0,0,0,0,0,0
B-25369,EMI,0,0,1,0,0,0,0,0,0,0,0,0
B-25372,Credit Card,0,0,0,0,0,0,0,0,0,0,0,1
B-25372,Debit Card,0,0,0,0,0,0,0,0,0,0,0,1
B-25372,UPI,0,0,0,0,0,0,0,0,0,0,0,1
B-25381,EMI,0,0,0,0,0,1,0,0,0,0,0,0
B-25382,UPI,0,0,0,0,0,1,0,0,0,0,0,0
B-25383,Credit Card,0,0,1,0,0,0,0,0,0,0,0,0
B-25387,UPI,0,0,0,0,0,1,0,0,0,0,0,0
B-25388,EMI,0,0,0,0,0,0,0,0,0,0,1,0
B-25394,Debit Card,0,0,0,0,0,0,0,1,0,0,0,0
B-25396,EMI,0,1,0,0,0,0,0,1,0,0,0,0
B-25398,COD,0,0,0,0,0,0,0,0,0,1,0,0
B-25400,Debit Card,0,0,0,0,0,1,0,0,0,0,0,0
B-25400,UPI,0,0,0,0,0,0,0,0,0,1,0,0
B-25401,Debit Card,0,0,0,0,0,0,0,0,0,1,0,0
B-25406,UPI,0,0,0,0,0,0,0,1,0,0,0,0
B-25410,Debit Card,0,0,0,0,0,0,0,0,0,0,1,0
B-25413,Debit Card,0,0,0,0,0,1,0,0,0,0,0,0
B-25423,Credit Card,0,0,0,0,0,0,0,0,0,1,0,0
B-25424,Debit Card,0,0,0,0,0,0,0,0,0,0,1,0
B-25424,EMI,0,0,0,0,0,0,0,1,0,0,0,0
B-25424,UPI,1,0,0,0,0,0,0,0,0,0,0,0
B-25426,Credit Card,0,0,0,0,0,0,0,0,0,0,1,0
B-25426,Debit Card,0,0,0,0,0,1,0,0,0,0,0,0
B-25426,UPI,0,0,0,0,0,0,0,0,0,0,0,1
B-25427,COD,0,0,1,0,0,0,0,0,0,0,0,0
B-25427,EMI,0,0,0,0,0,0,0,0,0,1,0,0
B-25427,UPI,0,0,0,0,0,0,0,0,0,1,0,0
B-25430,COD,0,0,0,0,0,0,0,0,0,0,1,0
B-25430,Credit Card,0,0,1,0,0,0,0,0,0,0,0,0
B-25435,EMI,0,0,0,0,1,0,0,0,0,0,0,0
B-25435,UPI,0,1,0,0,0,0,0,0,0,0,0,0
B-25436,COD,0,0,0,0,0,1,0,0,0,0,0,0
B-25437,Credit Card,0,0,0,0,1,0,0,0,0,0,0,0
B-25441,Credit Card,0,0,0,0,0,0,0,0,0,0,1,0
B-25441,Debit Card,0,0,0,0,0,0,0,1,0,0,0,0
B-25441,UPI,0,1,0,0,0,0,0,0,0,0,0,0
B-25443,EMI,0,0,0,0,0,0,0,0,1,0,0,0
B-25443,UPI,0,0,0,0,0,0,0,0,1,0,0,0
B-25444,EMI,0,0,0,0,0,0,0,1,0,0,0,0
B-25447,EMI,0,0,0,0,0,0,1,0,0,0,0,0
B-25454,Credit Card,0,0,0,1,0,0,0,0,0,0,0,0
B-25456,Credit Card,0,0,0,0,0,0,0,0,0,0,1,0
B-25462,COD,0,0,0,0,1,0,0,0,0,0,0,0
B-25463,Debit Card,0,0,0,0,0,0,0,1,0,0,0,0
B-25464,COD,0,0,1,0,0,0,0,0,0,0,0,0
B-25464,Debit Card,0,0,0,0,0,0,0,0,1,0,0,0
B-25464,UPI,0,0,0,0,0,0,0,0,0,1,0,0
B-25465,Credit Card,0,0,0,0,0,0,0,0,0,0,0,1
B-25465,UPI,0,0,0,0,0,0,0,0,0,0,1,0
B-25471,Debit Card,0,0,1,0,0,0,0,0,0,0,0,0
B-25477,COD,0,0,0,0,0,1,0,0,0,0,0,0
B-25483,Debit Card,0,1,0,0,0,0,0,0,0,0,0,0
B-25483,EMI,0,0,0,0,1,0,0,0,0,0,0,0
B-25486,Debit Card,0,0,1,0,0,0,0,0,0,0,0,0
B-25488,Credit Card,0,0,0,0,1,0,0,0,0,0,0,0
B-25488,UPI,0,0,0,0,0,0,0,0,0,0,1,0
B-25492,Credit Card,0,0,0,0,0,0,1,0,0,0,0,0
B-25492,EMI,0,0,1,0,0,0,0,0,0,0,0,0
B-25495,Debit Card,0,0,0,1,0,0,0,0,0,0,0,0
B-25495,UPI,0,0,0,0,0,0,1,0,0,0,0,0
B-25496,EMI,0,0,0,0,0,0,0,1,0,0,0,0
B-25497,Credit Card,0,1,0,0,0,0,0,0,0,0,0,0
B-25497,Debit Card,0,0,0,0,0,1,0,0,0,0,0,0
B-25501,EMI,1,0,0,0,0,0,0,0,0,0,0,0
B-25502,EMI,0,0,0,0,0,0,0,1,0,0,0,0
B-25504,UPI,0,0,0,0,0,0,0,1,0,0,0,0
B-25507,Credit Card,0,0,0,1,0,0,0,0,0,0,0,0
B-25510,COD,0,1,0,0,0,0,0,0,0,0,0,0
B-25511,COD,0,0,0,0,0,0,1,0,0,0,0,0
B-25511,EMI,0,0,0,1,0,0,0,0,0,0,0,0
B-25515,COD,0,0,0,0,0,0,1,0,0,0,0,0
B-25517,EMI,0,1,0,0,0,0,0,1,0,0,0,0
B-25526,COD,0,0,1,0,0,0,0,0,0,0,0,0
B-25529,EMI,0,0,0,0,0,0,0,1,0,0,0,0
B-25532,EMI,0,0,0,0,0,0,0,0,0,0,1,0
B-25537,Credit Card,0,0,0,0,0,1,0,0,0,0,0,0
B-25541,Debit Card,0,0,0,0,0,0,0,0,1,0,0,0
B-25541,UPI,0,1,0,0,0,0,0,0,0,0,0,0
B-25545,COD,0,0,1,0,0,0,0,0,0,0,0,0
B-25548,UPI,0,0,0,0,1,0,0,0,0,0,0,0
B-25549,Debit Card,0,0,0,0,0,0,0,0,0,1,0,0
B-25549,UPI,0,0,0,0,0,0,1,0,0,1,0,0
B-25552,EMI,0,0,0,0,0,0,1,0,0,0,0,0
B-25552,UPI,1,0,0,0,0,0,0,0,0,0,0,0
B-25553,COD,0,0,0,0,0,0,1,0,0,0,0,0
B-25553,Credit Card,1,0,0,0,0,0,0,0,0,0,0,0
B-25553,UPI,0,0,0,0,0,0,0,0,1,0,0,0
B-25555,Credit Card,0,1,0,0,0,0,0,0,1,0,0,0
B-25560,Credit Card,1,0,0,0,0,0,0,0,0,0,1,0
B-25560,Debit Card,0,0,0,1,0,0,0,0,0,0,0,0
B-25560,UPI,0,0,0,0,0,0,0,0,0,0,0,1
B-25564,EMI,0,0,0,0,0,0,1,0,0,0,0,0
B-25566,Debit Card,0,0,1,0,0,0,0,0,0,0,0,0
B-25568,COD,0,0,0,0,0,0,0,0,0,0,1,0
B-25573,COD,0,0,0,0,0,0,0,0,0,0,1,0
B-25574,Debit Card,0,0,0,0,0,0,0,0,0,1,0,0
B-25580,COD,0,0,0,1,0,0,0,0,0,0,0,0
B-25590,Debit Card,1,0,0,0,0,0,0,0,0,0,0,0
B-25591,Credit Card,0,0,0,0,1,0,0,0,0,0,1,0
B-25591,UPI,0,0,0,1,0,0,0,0,0,0,0,0
B-25594,Credit Card,0,0,0,1,0,0,0,0,0,0,0,0
B-25596,Credit Card,0,0,0,0,0,0,0,0,1,0,0,0
B-25602,Debit Card,0,0,0,0,0,0,0,1,0,0,0,0
B-25603,UPI,0,0,0,0,0,1,0,0,0,0,0,0
B-25605,COD,0,0,0,0,0,0,0,0,1,0,0,0
B-25612,EMI,0,0,0,0,0,0,0,0,1,0,0,0
B-25620,Credit Card,0,0,0,0,1,0,0,0,0,0,0,0
B-25620,Debit Card,0,0,0,0,1,0,0,0,0,0,0,0
B-25620,EMI,0,1,0,0,0,0,0,0,0,0,0,0
B-25630,Debit Card,0,0,0,0,1,0,0,0,0,0,0,0
B-25640,EMI,0,0,0,0,0,0,0,1,0,0,0,0
B-25645,UPI,0,0,0,0,0,0,0,0,0,0,1,0
B-25646,Credit Card,0,0,0,0,0,0,1,0,0,0,0,0
B-25655,UPI,0,0,0,0,1,0,0,0,0,0,0,0
B-25658,UPI,0,0,0,0,0,1,0,0,0,0,0,0
B-25660,Debit Card,0,0,1,0,0,0,0,0,0,0,0,0
B-25662,EMI,0,0,0,0,0,0,0,0,0,0,1,0
B-25665,Debit Card,0,0,0,1,0,0,0,0,0,0,0,0
B-25669,EMI,1,0,0,0,0,0,0,0,0,0,0,0
B-25673,EMI,0,0,0,0,0,0,0,0,0,0,0,1
B-25679,EMI,0,1,0,0,0,0,0,0,0,0,0,0
B-25681,COD,0,0,0,0,1,0,0,0,0,0,0,0
B-25684,COD,0,0,0,1,0,0,0,0,0,0,0,0
B-25690,EMI,0,0,0,0,0,0,0,0,0,1,0,0
B-25695,EMI,0,0,0,1,0,0,0,0,0,0,0,0
B-25695,UPI,0,0,0,0,1,0,0,0,0,0,0,0
B-25697,Debit Card,0,0,0,0,0,0,0,0,0,0,0,1
B-25698,EMI,0,0,0,1,0,0,0,0,0,0,0,0
B-25701,Credit Card,0,0,0,0,1,0,0,0,0,0,0,0
B-25701,UPI,0,0,0,0,0,0,0,1,0,0,0,1
B-25703,COD,0,0,0,1,0,0,0,0,0,0,0,0
B-25705,COD,0,0,0,1,0,0,0,0,0,0,0,0
B-25706,Credit Card,0,0,0,0,1,0,0,0,0,0,0,0
B-25707,Debit Card,0,0,0,0,0,0,0,1,0,0,0,0
B-25707,UPI,1,0,0,0,0,0,0,0,0,0,0,0
B-25709,UPI,0,0,0,0,0,0,1,0,0,0,0,0
B-25713,Credit Card,0,0,0,0,0,0,0,0,1,0,0,0
B-25714,UPI,0,0,0,1,0,0,0,0,0,0,0,0
B-25715,Debit Card,0,0,0,0,0,0,0,0,0,0,0,1
B-25715,UPI,0,0,0,0,0,0,1,0,0,0,0,1
B-25730,COD,1,0,0,0,0,0,0,0,0,0,0,0
B-25730,UPI,0,0,0,0,0,0,0,0,1,0,0,0
B-25733,UPI,0,0,0,0,0,0,0,0,0,1,0,0
B-25735,EMI,0,0,0,0,0,1,0,0,0,0,0,0
B-25738,COD,0,0,0,0,0,1,0,0,0,0,0,0
B-25742,Debit Card,0,0,0,0,0,0,1,0,0,0,0,0
B-25742,EMI,0,0,0,0,0,0,1,0,0,0,0,0
B-25744,COD,0,0,0,0,0,0,1,0,0,0,0,0
B-25744,Credit Card,1,0,0,0,0,0,0,0,0,0,0,0
B-25744,UPI,0,0,0,1,0,0,0,0,0,0,0,0
B-25746,Debit Card,1,0,0,0,0,0,0,0,0,0,0,0
B-25747,COD,0,0,0,0,0,0,0,0,1,0,0,0
B-25747,EMI,0,0,0,0,0,1,0,0,0,0,0,0
B-25747,UPI,0,0,0,0,0,0,0,0,0,1,0,0
B-25757,EMI,0,0,0,0,0,0,1,0,0,0,0,0
B-25759,COD,0,0,1,0,0,0,0,0,0,0,0,0
B-25762,COD,0,0,0,1,0,0,0,0,0,0,0,0
B-25763,Debit Card,0,0,1,0,0,0,0,0,0,0,0,0
B-25763,UPI,0,0,1,0,0,1,0,1,0,0,0,0
B-25768,UPI,0,1,0,0,0,0,0,0,0,0,0,0
B-25770,COD,1,0,0,0,0,0,0,0,0,0,0,0
B-25774,Credit Card,0,0,0,0,0,1,0,0,0,0,0,0
B-25777,Credit Card,0,0,0,0,0,0,0,0,0,1,0,0
B-25780,COD,0,0,0,1,0,0,0,0,0,0,0,0
B-25789,UPI,0,1,0,0,0,0,0,0,0,0,0,0
B-25790,COD,0,0,0,0,0,0,0,0,0,1,0,0
B-25792,EMI,0,0,0,0,0,0,1,0,0,0,0,0
B-25794,COD,0,1,0,0,0,0,0,0,0,0,0,0
B-25801,COD,0,0,0,0,0,0,1,0,0,0,0,0
B-25801,EMI,0,0,0,0,1,0,0,0,0,0,0,0
B-25809,Credit Card,0,0,0,1,0,0,0,0,0,0,0,0
B-25809,Debit Card,0,0,0,0,0,1,0,0,0,0,0,0
B-25809,UPI,0,0,1,0,0,0,0,0,1,0,0,0
B-25810,Credit Card,0,0,1,1,0,0,0,0,0,0,0,0
B-25813,COD,0,0,0,0,0,0,0,0,1,0,0,0
B-25815,EMI,0,0,0,0,1,0,0,0,0,0,0,0
B-25819,EMI,0,0,0,0,0,0,0,1,0,0,0,0
B-25823,COD,0,0,0,0,0,0,1,0,0,0,0,0
B-25827,COD,0,0,0,0,0,0,0,0,0,0,0,1
B-25829,Credit Card,0,1,0,0,0,0,0,0,0,0,0,0
B-25830,UPI,1,0,0,0,0,0,0,0,0,0,0,0
B-25832,COD,0,1,0,0,0,0,0,0,0,0,0,0
B-25832,EMI,0,0,0,0,1,0,0,0,0,0,0,0
B-25836,Debit Card,0,1,0,0,0,0,0,0,0,0,0,0
B-25839,Debit Card,0,0,0,0,0,0,1,0,0,0,0,0
B-25841,EMI,0,0,0,0,0,0,0,1,0,0,0,0
B-25841,UPI,0,0,0,0,1,0,0,0,0,0,0,0
B-25842,Debit Card,0,0,0,0,0,0,1,0,0,0,0,0
B-25842,EMI,0,0,0,0,0,1,0,1,0,0,0,0
B-25843,Credit Card,0,0,0,0,0,0,0,0,0,1,0,0
B-25843,EMI,0,0,0,0,1,0,0,0,0,0,0,0
B-25846,Debit Card,0,0,0,1,0,0,0,0,0,0,0,0
B-25849,Credit Card,0,0,0,0,0,0,0,1,0,0,0,0
B-25849,Debit Card,0,0,0,0,0,0,1,0,0,0,0,0
B-25851,UPI,0,0,0,0,0,0,0,0,1,0,0,0
B-25855,Credit Card,0,0,0,0,0,0,0,0,0,0,1,0
B-25856,Credit Card,1,0,1,0,0,0,0,1,0,0,0,0
B-25861,Debit Card,0,0,0,1,0,0,0,0,0,0,0,1
B-25868,Credit Card,1,0,0,0,0,0,0,0,0,0,0,0
B-25870,EMI,0,0,0,0,1,0,0,0,0,0,0,0
B-25872,Credit Card,0,0,0,0,0,0,0,1,0,0,0,0
B-25872,UPI,0,0,0,0,0,1,0,0,0,0,0,0
B-25873,UPI,0,0,0,1,0,0,0,0,0,0,0,0
B-25880,Credit Card,0,0,0,0,0,0,0,1,0,0,0,0
B-25881,Debit Card,0,0,0,0,0,0,0,0,0,0,0,1
B-25884,Credit Card,0,0,0,0,0,0,0,0,0,1,0,0
B-25884,EMI,0,0,1,0,0,0,0,0,0,0,0,0
B-25885,COD,0,0,0,0,0,0,0,1,0,0,0,0
B-25885,Debit Card,0,0,0,1,0,0,0,0,0,1,0,0
B-25888,COD,0,0,1,0,0,0,0,0,0,0,0,0
B-25889,Credit Card,0,0,0,0,1,0,0,0,0,0,0,0
B-25890,UPI,0,0,1,0,0,0,0,0,0,0,0,0
B-25894,COD,0,0,0,1,1,0,0,0,0,0,0,0
B-25894,Credit Card,0,0,0,0,0,0,0,0,0,0,1,0
B-25895,EMI,0,0,0,0,0,0,0,0,1,0,0,0
B-25897,UPI,0,0,1,0,0,0,0,0,0,0,0,0
B-25898,Credit Card,0,0,0,0,0,0,0,0,0,0,1,0
B-25901,UPI,0,0,0,0,0,0,1,0,0,0,0,0
B-25902,UPI,0,0,0,1,0,0,0,0,0,0,0,0
B-25905,Credit Card,0,0,0,0,0,0,0,0,1,0,0,0
B-25915,COD,1,0,0,0,0,0,0,0,0,0,0,0
B-25915,Debit Card,1,0,0,0,0,0,0,0,0,0,0,0
B-25916,Credit Card,0,0,0,0,0,0,0,0,0,0,1,1
B-25916,UPI,0,0,0,0,0,0,0,0,1,0,1,0
B-25919,Credit Card,0,0,0,0,0,0,1,0,0,0,0,0
B-25919,Debit Card,0,0,0,0,1,0,0,0,0,0,0,0
B-25925,Credit Card,0,0,0,0,0,0,0,1,0,0,0,0
B-25925,Debit Card,0,0,0,1,0,0,0,0,0,0,0,0
B-25929,Credit Card,1,0,0,0,0,0,0,0,0,0,0,0
B-25931,UPI,0,0,0,0,0,0,0,0,0,0,1,0
B-25935,Debit Card,0,0,0,0,1,0,0,0,0,0,0,0
B-25936,Debit Card,0,0,0,0,0,0,0,1,0,0,0,0
B-25936,UPI,1,0,0,0,0,0,0,0,0,0,0,0
B-25940,Debit Card,0,0,0,0,0,0,0,0,1,0,0,0
B-25944,Credit Card,0,0,0,0,1,0,0,0,0,0,0,0
B-25945,Debit Card,0,0,0,1,0,0,0,0,0,0,0,0
B-25949,EMI,0,0,0,0,0,0,1,0,0,0,0,0
B-25953,Credit Card,0,1,0,0,0,0,0,0,0,0,0,0
B-25953,UPI,1,0,0,0,0,0,0,0,0,0,0,0
B-25955,Debit Card,0,0,0,0,0,1,0,0,0,0,0,0
B-25957,UPI,0,0,0,0,1,0,0,0,0,0,0,0
B-25962,COD,0,0,0,0,0,1,0,0,0,0,0,0
B-25964,Credit Card,0,0,0,1,0,0,0,0,0,0,0,0
B-25965,Debit Card,0,0,0,0,1,0,0,0,0,0,0,0
B-25966,Debit Card,0,1,0,0,0,0,0,0,0,0,0,0
B-25970,Debit Card,0,0,1,0,0,0,0,0,0,0,0,0
B-25971,Debit Card,0,0,0,0,0,0,1,0,0,0,0,0
B-25972,Debit Card,0,1,0,0,0,0,0,0,1,0,0,0
B-25976,EMI,0,0,1,0,0,0,0,0,0,0,0,0
B-25976,UPI,0,0,0,1,0,0,0,0,0,0,0,0
B-25978,COD,0,0,0,0,0,0,0,0,0,0,1,0
B-25979,Debit Card,0,0,0,0,0,0,0,0,0,1,0,0
B-25983,Credit Card,0,0,0,0,0,0,0,0,0,0,0,1
B-25983,Debit Card,0,0,0,0,0,0,1,0,0,0,0,0
B-25986,EMI,0,0,0,0,0,0,0,0,0,0,1,0
B-25988,EMI,0,0,0,0,0,0,0,0,0,0,0,1
B-25990,COD,0,1,0,0,0,0,1,0,0,0,0,0
B-25990,Credit Card,1,0,0,0,0,0,0,0,0,0,0,0
B-25991,Credit Card,0,0,0,1,0,0,0,0,0,0,0,0
B-25992,Credit Card,0,0,0,0,0,0,0,0,0,1,0,0
B-25992,EMI,0,0,0,0,0,0,0,0,0,0,0,1
B-25996,UPI,0,0,0,0,0,0,0,0,0,0,0,1
B-25999,Credit Card,0,0,1,0,0,0,0,0,0,0,0,0
B-25999,UPI,0,0,0,0,0,0,0,1,0,0,0,0
B-26009,UPI,0,0,0,0,0,0,0,0,0,0,0,1
B-26017,COD,0,0,0,0,0,0,0,0,0,1,0,0
B-26018,COD,0,1,0,0,0,0,0,0,0,0,0,0
B-26019,COD,0,0,0,0,0,0,1,0,0,0,0,0
B-26023,UPI,0,0,0,0,0,0,0,0,0,1,0,0
B-26026,COD,0,0,0,0,0,0,0,0,0,0,1,0
B-26026,Credit Card,0,0,0,0,0,0,0,0,1,0,0,0
B-26026,Debit Card,0,0,0,0,0,0,1,1,0,0,0,0
B-26029,UPI,0,0,0,0,0,0,0,0,1,0,0,0
B-26032,COD,0,0,0,0,0,0,0,0,1,0,0,0
B-26032,Credit Card,0,0,0,0,0,0,0,0,0,1,0,0
B-26032,Debit Card,0,0,0,0,0,0,0,0,0,0,1,1
B-26033,COD,0,0,0,0,0,0,0,0,1,0,0,0
B-26034,COD,0,0,0,1,0,0,0,0,0,0,0,0
B-26034,Debit Card,0,1,0,0,0,0,0,0,0,0,0,0
B-26035,COD,0,0,0,0,1,0,0,0,0,0,0,0
B-26035,Debit Card,0,0,0,1,0,0,0,0,0,0,0,0
B-26038,Debit Card,0,0,0,0,0,0,0,0,1,0,0,0
B-26038,EMI,0,0,0,0,0,0,1,0,0,0,0,0
B-26041,COD,0,0,0,0,0,0,0,0,1,0,0,0
B-26043,UPI,0,0,0,0,0,0,1,0,0,0,0,0
B-26046,COD,0,0,0,0,0,0,0,1,0,0,0,0
B-26046,Debit Card,0,0,0,1,0,0,0,0,0,0,0,0
B-26059,COD,0,0,0,0,1,0,0,0,1,0,0,0
B-26065,Credit Card,0,0,1,0,0,0,0,0,0,0,0,0
B-26066,EMI,0,0,0,0,0,1,0,0,0,0,0,0
B-26068,COD,0,1,0,0,0,0,0,0,0,0,0,0
B-26069,EMI,0,0,0,0,0,1,0,0,0,0,0,0
B-26069,UPI,0,0,0,0,0,0,0,0,0,0,0,1
B-26076,Debit Card,0,0,0,0,0,0,0,0,1,0,0,0
B-26076,EMI,0,0,0,0,0,0,0,1,0,0,0,0
B-26083,Credit Card,0,0,0,0,0,0,1,0,0,0,0,0
B-26088,COD,0,0,0,0,0,0,0,1,0,0,0,0
B-26095,EMI,0,0,0,0,0,0,0,0,0,1,0,0
B-26095,UPI,0,0,0,0,0,1,0,0,0,0,0,0
B-26098,EMI,0,0,0,0,0,0,0,0,0,0,0,1
B-26106,Debit Card,0,0,0,0,0,0,0,0,0,0,1,0
B-26112,COD,0,1,0,0,0,0,0,0,0,0,0,0
B-26114,EMI,0,0,0,0,0,0,0,0,0,1,0,0
B-26116,EMI,0,0,0,0,0,0,0,0,0,0,1,0
B-26119,Debit Card,0,0,0,0,0,0,0,1,0,0,0,0
B-26119,EMI,0,1,0,0,0,0,0,0,0,0,0,0
B-26120,COD,0,0,0,0,0,0,0,1,0,0,0,0
B-26121,UPI,0,1,0,0,0,0,0,0,0,0,0,0
B-26122,UPI,0,0,0,0,0,0,1,0,0,0,0,0
B-26125,COD,0,0,0,1,0,0,0,0,0,0,0,0
B-26125,EMI,0,0,0,0,0,0,0,0,0,0,1,0
B-26136,Credit Card,1,0,0,0,0,0,0,0,0,0,0,0
B-26137,Credit Card,0,0,0,0,0,0,0,0,0,1,0,0
B-26138,UPI,0,1,0,0,0,0,0,0,0,0,0,0
B-26139,Debit Card,0,0,0,0,0,0,0,0,0,0,0,1
B-26139,EMI,0,0,0,0,0,0,0,0,0,0,1,0
B-26144,COD,1,0,0,0,0,0,0,0,0,0,0,0
B-26144,Credit Card,0,0,0,1,0,0,0,0,0,0,0,0
B-26144,EMI,0,0,0,0,0,0,0,0,0,0,1,0
B-26145,COD,0,0,0,0,0,0,0,0,0,0,1,0
B-26146,COD,0,0,0,0,0,1,0,0,0,1,0,0
B-26153,Debit Card,0,0,0,0,0,0,0,0,0,0,0,1
B-26157,COD,0,0,0,0,0,0,1,1,0,0,0,0
B-26159,Credit Card,0,0,0,0,0,0,0,0,0,0,1,0
B-26159,UPI,0,0,0,0,0,0,0,0,1,0,0,0
B-26165,UPI,0,0,0,0,0,0,0,0,1,0,0,0
B-26166,COD,1,0,0,0,0,0,0,0,0,0,0,0
B-26166,EMI,0,0,0,0,0,0,1,0,0,0,0,0
B-26167,EMI,0,0,1,0,0,0,0,0,0,0,0,0
B-26168,Debit Card,0,0,0,0,0,0,0,1,0,0,0,0
B-26185,Credit Card,0,0,0,1,0,0,0,0,0,0,0,0
B-26191,Credit Card,0,0,0,0,0,0,0,0,1,0,0,0
B-26195,Debit Card,1,0,0,0,0,0,0,0,0,0,0,0
B-26209,Credit Card,0,0,0,0,0,0,0,0,0,0,1,0
B-26209,Debit Card,0,0,0,0,0,0,0,1,0,0,0,0
B-26212,Debit Card,0,0,0,0,0,1,1,0,0,0,0,0
B-26213,Debit Card,0,0,0,1,0,0,0,0,0,0,0,0
B-26213,UPI,0,0,0,0,0,0,0,0,0,0,1,0
B-26215,COD,0,0,0,0,0,1,0,0,0,0,0,0
B-26219,Credit Card,0,0,0,0,0,1,0,0,0,0,0,0
B-26222,COD,0,0,1,0,0,0,0,0,0,0,0,0
B-26222,Credit Card,0,0,0,1,0,0,0,1,0,0,0,0
B-26224,COD,0,0,0,0,1,0,0,0,0,0,0,0
B-26224,UPI,0,0,0,1,0,0,0,0,0,0,0,0
B-26225,COD,0,0,0,0,0,0,0,0,1,0,0,0
B-26228,UPI,0,0,0,0,0,1,0,0,0,0,0,0
B-26232,COD,1,0,0,0,0,0,0,0,0,0,0,0
B-26240,EMI,0,0,0,0,0,1,0,0,0,0,0,0
B-26244,EMI,0,0,0,0,0,0,1,0,1,0,0,0
B-26245,EMI,0,0,0,0,0,0,1,0,0,0,0,0
B-26251,COD,0,0,1,0,0,0,0,0,0,0,0,0
B-26251,Debit Card,1,1,0,0,0,0,0,0,0,0,0,0
B-26257,Debit Card,0,0,0,0,0,0,0,0,0,0,0,1
B-26258,Debit Card,0,0,0,0,1,0,0,0,0,0,0,0
B-26258,UPI,1,0,0,0,0,0,0,0,0,0,0,0
B-26259,UPI,0,0,1,0,0,0,0,0,0,0,0,0
B-26268,Credit Card,0,0,0,0,0,0,0,1,0,0,0,0
B-26277,COD,0,0,0,0,0,0,0,0,0,0,0,1
B-26277,UPI,0,1,0,0,0,0,0,0,0,0,0,0
B-26279,Credit Card,0,0,0,0,0,1,0,0,0,0,0,0
B-26279,UPI,1,0,0,0,0,0,0,0,0,0,0,0
B-26284,UPI,0,0,0,0,0,0,0,0,1,0,0,0
B-26287,COD,0,0,0,1,0,0,1,0,0,0,0,0
B-26287,Credit Card,0,0,0,0,0,0,0,0,0,0,1,0
B-26287,EMI,0,0,1,0,0,0,0,0,0,0,0,0
B-26288,Debit Card,0,0,0,0,0,0,1,0,0,0,0,0
B-26292,Debit Card,0,0,0,0,0,0,0,1,0,0,0,0
B-26293,Credit Card,0,0,0,0,0,0,0,0,0,0,0,1
B-26293,Debit Card,0,0,0,0,0,0,0,0,0,0,1,0
B-26293,EMI,0,0,0,0,1,0,0,0,0,0,0,0
B-26296,Debit Card,0,0,0,0,0,0,0,0,1,0,0,0
B-26298,EMI,0,0,0,0,0,0,0,0,1,0,0,0
B-26299,COD,0,1,0,0,0,0,0,0,0,0,0,0
B-26299,Debit Card,0,0,0,0,0,0,0,0,1,0,0,0
B-26299,EMI,0,0,0,0,1,0,0,0,0,0,0,0
B-26309,UPI,0,0,0,0,0,0,0,0,0,0,0,1
B-26312,Debit Card,0,0,0,0,0,0,0,0,0,0,1,0
B-26312,UPI,0,0,0,0,0,0,0,0,0,1,0,0
B-26317,Debit Card,0,0,0,0,0,0,0,1,0,0,0,0
B-26319,Credit Card,0,0,0,0,0,0,0,0,1,0,0,0
B-26319,EMI,0,0,0,1,0,0,0,0,0,0,0,0
B-26319,UPI,0,0,0,0,0,1,0,0,0,0,0,0
B-26321,Credit Card,0,0,0,0,0,1,0,0,0,0,0,0
B-26322,EMI,0,0,0,0,0,1,0,0,0,0,0,0
B-26324,Debit Card,0,0,0,1,0,0,0,0,0,0,0,0
B-26325,UPI,0,0,0,0,0,0,0,0,1,0,0,0
B-26332,COD,0,0,0,0,0,0,0,0,0,0,0,1
B-26332,Credit Card,0,0,0,0,0,1,0,0,0,0,0,0
B-26332,UPI,0,1,0,0,0,0,0,0,0,0,0,0
B-26347,UPI,0,1,0,0,0,0,0,0,0,0,0,0
B-26352,COD,0,0,0,0,0,0,0,0,0,0,0,1
B-26352,Debit Card,0,0,0,0,0,0,0,0,0,1,0,0
B-26353,Debit Card,0,0,1,0,0,0,0,0,0,0,0,0
B-26353,EMI,0,0,0,0,0,0,0,0,0,0,0,1
B-26357,Debit Card,0,0,0,0,1,0,0,0,0,0,0,0
B-26365,COD,1,0,0,0,0,0,0,0,0,0,0,0
B-26365,UPI,0,0,0,0,0,0,0,0,0,0,0,1
B-26366,COD,1,0,0,0,0,0,0,0,0,0,0,0
B-26366,UPI,0,0,0,0,0,1,0,0,0,0,0,0
B-26367,COD,0,0,0,0,0,0,0,1,0,0,0,0
B-26370,Debit Card,0,0,0,0,0,0,0,0,0,0,0,1
B-26379,Credit Card,0,0,0,0,0,0,0,1,0,0,0,0
B-26383,Debit Card,0,0,0,0,0,0,0,0,1,0,0,0
B-26383,EMI,0,0,0,0,0,0,0,0,0,1,0,0
B-26393,Credit Card,0,0,0,0,0,0,0,0,0,1,0,0
B-26397,Credit Card,0,0,0,0,0,0,0,0,0,0,0,1
B-26402,COD,0,0,0,0,0,0,0,0,0,0,1,0
B-26405,COD,0,0,1,0,0,0,0,0,0,0,0,0
B-26409,Credit Card,0,0,0,0,0,0,0,0,0,0,1,0
B-26419,UPI,0,0,0,0,0,0,0,0,0,0,1,0
B-26420,Debit Card,0,0,0,0,0,0,0,0,0,0,1,0
B-26425,Debit Card,1,0,0,0,0,0,0,0,0,0,0,0
B-26426,Debit Card,0,0,0,0,0,0,1,0,0,0,0,0
B-26428,Credit Card,0,0,0,0,1,0,0,0,0,0,0,0
B-26443,Debit Card,0,0,0,0,0,0,0,0,0,1,0,0
B-26445,EMI,0,0,0,0,0,0,0,0,0,0,1,0
B-26453,Debit Card,0,0,0,0,1,0,0,0,0,0,0,0
B-26454,EMI,0,0,0,0,0,0,0,0,0,0,1,0
B-26456,COD,0,0,0,0,0,0,0,0,0,0,0,1
B-26457,Credit Card,0,0,0,0,0,0,0,0,0,0,0,1
B-26464,Debit Card,0,0,0,0,1,0,0,0,0,0,0,0
B-26464,EMI,0,0,0,0,1,0,0,0,0,0,0,0
B-26464,UPI,0,0,0,0,0,0,0,0,0,0,0,1
B-26466,EMI,0,0,0,0,0,1,0,0,0,1,0,0
B-26469,EMI,0,0,0,0,0,0,0,1,0,0,0,0
B-26469,UPI,0,0,0,1,0,0,0,0,0,0,0,0
B-26470,EMI,0,0,0,0,0,0,0,0,0,0,0,1
B-26470,UPI,0,0,0,0,0,0,0,0,0,1,0,0
B-26478,Credit Card,0,0,0,0,0,1,0,0,0,0,0,0
B-26485,Debit Card,0,0,0,0,0,0,0,1,0,0,0,0
B-26489,COD,0,0,0,0,1,0,0,0,0,0,0,0
B-26489,Credit Card,0,0,0,0,0,0,0,0,1,0,0,0
B-26489,Debit Card,0,0,1,0,0,0,0,0,0,0,1,0
B-26495,UPI,0,0,0,0,0,1,0,0,0,0,0,0
B-26496,Credit Card,0,0,0,0,0,1,0,0,0,0,0,0
B-26496,Debit Card,0,0,0,0,0,0,1,0,0,0,0,1
B-26501,EMI,0,0,0,0,0,0,0,0,0,0,0,1
B-26505,Debit Card,0,0,0,0,0,0,0,0,1,0,0,0
B-26507,COD,0,1,0,0,0,0,0,0,0,0,0,0
B-26508,Credit Card,0,0,0,0,1,0,0,0,0,0,0,0
B-26508,EMI,0,0,0,0,0,0,1,0,0,0,0,0
B-26510,UPI,0,0,0,0,0,0,1,0,0,0,0,0
B-26516,COD,0,0,0,0,0,0,0,0,0,0,0,1
B-26516,EMI,0,0,0,1,0,0,0,0,0,0,0,0
B-26522,EMI,0,1,0,0,0,0,0,0,0,0,0,0
B-26523,EMI,0,0,0,0,0,0,0,0,1,0,0,0
B-26523,UPI,0,0,0,0,0,0,0,1,0,0,0,0
B-26526,Credit Card,0,1,0,0,0,0,0,0,1,0,0,0
B-26528,COD,0,0,0,0,0,0,0,0,0,0,1,0
B-26537,UPI,0,0,0,0,0,0,0,0,0,0,0,1
B-26543,Credit Card,0,0,0,0,0,0,0,0,0,0,0,1
B-26545,EMI,0,0,0,0,0,1,0,0,0,0,0,0
B-26552,Credit Card,0,0,0,1,0,0,0,0,0,0,0,0
B-26554,Credit Card,0,0,0,0,0,0,1,0,0,0,0,0
B-26554,UPI,0,0,0,1,0,0,0,0,0,0,0,0
B-26556,UPI,0,0,0,0,1,0,0,0,0,0,0,0
B-26557,COD,0,0,0,0,1,0,0,0,0,1,0,0
B-26557,Credit Card,0,0,0,0,0,0,0,0,0,0,0,1
B-26563,Debit Card,0,0,0,0,0,0,0,0,0,0,0,1
B-26564,COD,0,0,0,0,0,0,0,0,1,0,0,0
B-26564,Credit Card,1,0,0,0,0,0,0,0,0,0,0,0
B-26565,Credit Card,0,0,0,0,0,0,1,0,0,0,0,0
B-26571,COD,0,0,0,0,0,0,1,0,0,1,0,0
B-26572,EMI,0,1,0,0,0,1,0,0,0,0,0,0
B-26573,Debit Card,0,0,0,0,0,0,0,0,0,0,1,0
B-26576,Credit Card,0,1,0,0,0,0,0,0,0,0,0,0
B-26580,COD,0,1,0,0,0,0,0,0,0,0,0,0
B-26586,Debit Card,0,0,0,0,0,0,0,0,1,0,0,0
B-26586,UPI,0,0,0,0,0,0,0,0,0,1,0,0
B-26587,Debit Card,0,0,0,0,0,0,1,0,0,0,0,0
B-26587,UPI,0,0,0,0,0,0,0,0,0,0,1,0
B-26592,COD,0,0,0,0,0,0,0,1,0,0,0,0
B-26592,Credit Card,0,0,0,0,0,0,0,1,0,0,0,0
B-26598,Credit Card,0,0,0,0,0,0,0,0,0,1,0,0
B-26598,Debit Card,0,0,0,0,0,0,1,0,0,0,0,0
B-26599,Debit Card,0,0,1,0,0,0,0,0,0,0,0,0
B-26601,COD,0,0,0,1,0,0,0,0,0,0,0,0
B-26601,UPI,0,1,0,0,0,0,0,0,0,0,0,0
B-26603,EMI,0,0,0,0,1,0,0,0,0,0,0,0
B-26607,UPI,0,1,0,0,0,0,0,0,0,0,0,0
B-26610,Credit Card,0,0,0,0,0,1,0,0,0,0,0,0
B-26612,Debit Card,0,0,0,0,0,0,0,0,1,0,1,0
B-26613,COD,0,0,0,0,0,0,1,0,0,0,0,0
B-26613,UPI,0,0,0,0,0,0,0,0,0,1,0,0
B-26622,Credit Card,0,0,0,0,0,0,0,0,0,0,1,0
B-26622,UPI,0,0,0,0,0,0,0,0,1,0,0,0
B-26623,EMI,0,0,0,0,0,0,0,0,0,0,1,0
B-26628,Debit Card,0,0,0,0,0,0,0,0,0,0,1,0
B-26640,Credit Card,0,0,0,0,0,0,0,0,0,0,0,1
B-26640,EMI,0,0,0,0,1,0,0,0,0,0,0,0
B-26643,COD,0,0,0,0,0,0,1,0,0,1,0,0
B-26643,Debit Card,0,0,0,1,0,0,0,0,0,0,0,0
B-26654,Credit Card,0,0,0,0,0,0,0,0,1,0,0,0
B-26654,Debit Card,0,0,0,0,0,0,1,0,0,0,0,0
B-26654,UPI,0,0,0,0,0,0,0,0,1,0,0,0
B-26656,EMI,0,0,0,0,0,0,0,1,1,0,0,0
B-26659,Credit Card,0,0,0,0,0,0,0,0,0,0,1,0
B-26661,COD,0,0,0,0,0,0,0,1,0,0,0,0
B-26668,EMI,0,0,0,0,0,0,0,1,0,0,0,0
B-26670,EMI,0,0,0,0,0,0,0,0,0,1,0,0
B-26672,Credit Card,0,0,0,0,0,1,0,0,0,0,0,0
B-26672,EMI,0,0,0,1,0,0,0,0,0,0,0,0
B-26675,EMI,0,0,0,1,0,0,0,0,0,0,0,0
B-26677,Debit Card,0,0,0,0,0,0,1,0,0,0,0,0
B-26678,Debit Card,0,0,0,1,0,0,0,0,0,0,0,0
B-26679,EMI,0,0,0,0,0,0,0,0,0,0,0,1
B-26679,UPI,0,0,0,0,0,1,0,0,0,0,0,0
B-26684,UPI,0,0,0,0,0,1,0,0,0,0,0,0
B-26698,EMI,0,0,0,0,0,0,0,0,0,1,0,0
B-26703,EMI,0,0,0,1,0,0,0,0,0,0,0,0
B-26712,Debit Card,0,1,0,0,0,0,0,0,0,0,0,0
B-26712,UPI,0,0,0,0,0,1,0,0,0,0,0,0
B-26716,Debit Card,1,0,0,0,0,0,0,0,0,0,0,1
B-26716,UPI,0,0,0,0,0,0,0,0,0,0,1,0
B-26723,COD,0,0,0,0,0,0,0,0,0,0,1,0
B-26724,EMI,0,0,1,0,0,0,0,0,0,0,0,0
B-26726,Debit Card,0,0,0,1,0,0,0,0,0,0,0,0
B-26726,EMI,0,0,0,0,0,0,0,0,0,0,0,1
B-26730,COD,0,0,1,0,0,0,0,0,0,0,0,0
B-26730,Credit Card,0,0,0,0,0,0,0,0,0,0,1,0
B-26730,Debit Card,0,0,0,0,0,0,0,0,0,0,0,1
B-26734,COD,0,0,0,0,0,0,0,0,0,0,0,1
B-26735,COD,0,0,0,0,1,0,0,0,0,0,0,0
B-26739,UPI,0,0,0,0,0,0,0,0,0,0,0,1
B-26740,Credit Card,0,0,0,0,0,0,0,0,0,1,0,0
B-26740,Debit Card,0,0,0,0,0,0,0,0,0,1,0,0
B-26740,UPI,0,0,0,0,1,0,0,0,0,0,0,0
B-26742,Credit Card,0,0,0,0,0,0,0,0,1,0,0,0
B-26743,COD,0,0,0,0,0,0,0,0,0,0,1,0
B-26747,Credit Card,0,0,0,0,0,0,0,0,0,1,0,0
B-26747,UPI,0,0,0,0,0,0,0,0,0,0,1,0
B-26750,Credit Card,0,0,0,0,0,0,0,0,0,0,1,0
B-26752,Credit Card,0,1,0,0,0,0,0,0,0,0,0,0
B-26752,Debit Card,0,0,0,0,0,0,0,0,0,1,0,0
B-26754,EMI,0,0,0,0,0,1,0,0,0,0,0,0
B-26757,Credit Card,0,0,0,0,0,0,0,0,1,0,0,0
B-26759,COD,1,0,0,0,0,0,0,0,0,1,0,0
B-26765,COD,0,0,0,0,0,0,0,0,0,1,0,0
B-26767,COD,0,1,0,0,0,0,0,0,0,0,0,0
B-26772,COD,0,1,0,0,0,0,0,0,0,0,0,0
B-26776,UPI,0,0,0,1,0,0,0,0,0,1,0,0
B-26789,UPI,1,0,0,0,0,0,0,0,0,0,0,0
B-26790,EMI,0,0,0,0,0,0,0,0,0,0,1,0
B-26790,UPI,0,0,0,0,1,0,0,0,0,0,0,0
B-26792,EMI,0,0,0,0,0,0,0,1,0,0,0,0
B-26794,Debit Card,0,1,1,0,0,0,0,0,0,0,0,0
B-26795,COD,0,0,0,0,0,1,0,0,0,0,0,0
B-26795,Credit Card,0,0,1,0,0,1,0,0,0,0,0,0
B-26796,UPI,0,0,0,0,0,0,0,0,0,1,0,0
B-26797,Credit Card,0,0,0,0,0,0,0,0,0,0,0,1
B-26800,EMI,0,0,0,0,0,0,0,1,0,0,0,0
B-26800,UPI,0,0,0,1,0,0,0,0,0,0,0,0
B-26803,Credit Card,0,0,0,0,0,0,0,0,0,0,1,0
B-26803,UPI,0,0,0,0,0,0,0,0,0,1,0,0
B-26804,Credit Card,0,0,0,0,0,0,1,0,0,0,0,0
B-26804,Debit Card,0,0,0,0,0,0,0,1,0,0,0,0
B-26805,Debit Card,0,0,0,0,0,0,0,0,1,0,0,0
B-26806,EMI,0,1,0,0,0,0,0,0,0,0,0,0
B-26817,COD,0,0,0,0,1,0,0,0,0,0,0,0
B-26819,Debit Card,0,0,0,0,0,0,0,0,1,0,0,0
B-26820,EMI,0,1,0,0,0,0,0,0,0,0,0,0
B-26835,UPI,0,0,0,0,0,0,0,0,1,0,0,0
B-26837,Credit Card,0,0,0,0,0,0,1,0,0,0,0,0
B-26837,UPI,0,1,0,0,0,0,0,0,0,0,0,0
B-26839,Credit Card,0,1,0,0,0,0,0,0,0,0,0,0
B-26839,EMI,0,0,0,0,0,0,0,0,1,0,0,0
B-26841,Credit Card,0,0,0,0,0,0,0,0,0,0,1,0
B-26841,Debit Card,0,0,1,0,0,0,0,0,0,0,0,0
B-26842,Debit Card,0,0,0,0,0,1,0,0,0,1,0,0
B-26843,Credit Card,0,0,0,0,0,0,0,1,0,0,0,0
B-26843,EMI,0,0,0,0,0,0,0,0,0,1,0,0
B-26844,COD,0,0,0,1,0,0,0,0,0,0,0,0
B-26845,COD,0,0,0,0,0,0,0,1,0,0,0,0
B-26863,EMI,0,0,1,0,0,0,0,0,0,0,0,0
B-26864,UPI,0,0,0,1,0,0,0,0,0,0,0,0
B-26872,EMI,0,0,0,0,0,1,0,0,0,0,0,0
B-26872,UPI,0,0,0,0,0,0,0,0,1,0,0,0
B-26878,Credit Card,0,0,0,0,0,0,0,0,1,0,0,0
B-26883,COD,0,0,0,0,0,0,0,1,0,0,0,0
B-26885,Credit Card,0,0,0,0,1,0,0,0,0,0,0,1
B-26890,Credit Card,0,0,0,0,1,0,0,0,0,0,0,0
B-26894,Debit Card,0,0,0,0,0,1,0,0,0,0,0,0
B-26896,EMI,0,0,0,0,0,0,0,0,0,1,0,0
B-26898,Credit Card,0,0,0,1,0,0,0,1,0,0,0,0
B-26898,EMI,0,1,0,0,0,0,0,0,0,0,0,0
B-26899,Credit Card,0,0,0,0,0,0,0,1,0,0,0,0
B-26904,Debit Card,0,0,0,0,0,0,1,0,0,0,0,0
B-26906,Credit Card,0,0,0,0,0,1,0,0,0,0,0,0
B-26909,EMI,0,0,0,0,0,0,0,0,0,0,1,0
B-26910,COD,0,0,0,0,0,0,0,0,0,0,0,1
B-26910,Debit Card,0,0,1,0,0,0,0,0,0,0,0,0
B-26910,UPI,0,0,0,0,0,0,0,1,0,0,0,0
B-26912,Debit Card,0,0,0,0,0,0,0,0,0,0,0,1
B-26916,UPI,0,0,1,0,0,0,0,1,0,0,1,0
B-26922,EMI,1,0,0,0,0,0,0,0,0,0,0,0
B-26924,COD,0,0,0,0,0,0,0,1,0,0,0,0
B-26926,EMI,0,0,0,0,0,1,0,0,0,0,0,0
B-26928,Credit Card,0,0,0,0,1,0,0,0,0,0,0,0
B-26929,COD,0,0,0,0,0,0,0,0,0,0,1,0
B-26932,EMI,0,0,0,0,0,0,0,1,0,0,0,1
B-26938,EMI,0,0,0,0,0,0,0,0,0,0,1,0
B-26939,Debit Card,0,0,0,0,0,0,0,0,0,0,0,1
B-26939,EMI,0,1,0,0,0,0,0,0,0,0,0,0
B-26942,Debit Card,0,0,0,0,0,0,0,1,0,0,0,0
B-26945,Debit Card,0,0,0,0,0,0,0,0,0,1,0,0
B-26945,EMI,0,0,0,0,0,1,0,0,0,0,0,0
B-26955,Debit Card,1,0,0,0,0,0,0,0,0,0,0,0
B-26961,Debit Card,0,0,0,0,0,0,0,0,0,0,1,0
B-26964,Credit Card,0,0,0,0,0,0,0,1,0,0,0,0
B-26965,Debit Card,0,0,0,0,1,0,0,0,0,0,0,0
B-26969,Credit Card,0,0,0,0,0,1,0,0,0,0,0,0
B-26969,Debit Card,0,0,0,0,0,0,0,1,0,0,0,0
B-26972,Debit Card,0,0,0,0,0,1,0,0,0,0,0,0
B-26975,Credit Card,0,1,0,0,0,0,0,0,0,0,0,0
B-26975,EMI,0,0,0,1,0,0,0,0,0,0,0,0
B-26975,UPI,0,0,0,0,0,0,0,1,0,0,0,0
B-26978,COD,0,1,0,0,0,0,0,0,0,0,0,0
B-26978,Debit Card,0,0,0,0,1,0,0,0,0,0,0,0
B-26978,UPI,1,0,0,0,0,0,0,0,0,0,0,0
B-26980,Debit Card,0,1,0,0,0,0,0,0,0,0,0,0
B-26986,COD,0,0,0,0,0,0,0,0,1,0,0,0
B-26987,EMI,0,0,0,1,0,0,0,0,0,0,0,0
B-26988,COD,0,0,0,0,0,1,0,0,0,0,0,0
B-26988,UPI,0,0,0,1,0,0,0,0,0,0,0,0
B-26993,Debit Card,0,1,0,0,0,0,0,0,0,0,0,0
B-26999,UPI,0,0,0,0,0,0,0,0,0,0,0,1
